component,is_entry,entry_vertex,discovery_order,component_edge_count,component_endpoints,edge,vertex_1,vertex_2,dihedral_degrees,angle_defect_1_radians,angle_defect_2_radians,gaussian_curvature_1,gaussian_curvature_2
0,False,,,3,1275;1278,3983,1277,1278,90.8018980136,0.00636046074917,0.00424680982678,0.701544252784,0.453991832643
0,False,,,3,1275;1278,3978,1277,1276,90.7761966296,0.00636046074917,0.00527736279789,0.701544252784,0.577468735422
0,False,,,3,1275;1278,3974,1276,1275,90.7518953088,0.00527736279789,0.00529943848569,0.577468735422,0.569849457793
1,False,,,26,702;1072,1588,928,907,90.2094682994,-2.50579823557e-09,-4.54726317045e-07,-2.68878800769e-07,-4.87801986069e-05
1,False,,,26,702;1072,1624,743,708,90.2075540164,-2.65021391499e-08,-2.62282629393e-07,-2.838625683e-06,-2.80881202135e-05
1,False,,,26,702;1072,1584,946,928,90.2054713923,-1.41088385419e-09,-2.50579823557e-09,-1.51416249462e-07,-2.68878800769e-07
1,False,,,26,702;1072,1580,958,946,90.2024715914,-2.51089105063e-09,-1.41088385419e-09,-2.69516792067e-07,-1.51416249462e-07
1,False,,,26,702;1072,1576,969,958,90.1984690265,-2.51395704254e-09,-2.51089105063e-09,-2.69900927188e-07,-2.69516792067e-07
1,False,,,26,702;1072,1620,775,743,90.1946251973,-1.27137944617e-08,-2.65021391499e-08,-1.36198152885e-06,-2.838625683e-06
1,False,,,26,702;1072,1572,980,969,90.1944632233,-1.76432539689e-08,-2.51395704254e-09,-1.89421217918e-06,-2.69900927188e-07
1,False,,,26,702;1072,1632,707,702,90.1908241958,-9.13699569338e-08,-1.07552154738e-07,-9.78549195288e-06,-1.14639305931e-05
1,False,,,26,702;1072,1542,1036,1045,90.1904379129,-2.94953146351e-08,-5.58453727706e-09,-3.16309193252e-06,-5.97815932014e-07
1,False,,,26,702;1072,1538,1045,1054,90.185683414,-5.58453727706e-09,-2.00698977437e-08,-5.97815932014e-07,-2.1369532293e-06
1,False,,,26,702;1072,1616,801,775,90.1856546634,-7.69958852231e-09,-1.27137944617e-08,-8.24983753037e-07,-1.36198152885e-06
1,False,,,26,702;1072,1568,981,980,90.181138763,-2.51947085417e-09,-1.76432539689e-08,-3.24427794708e-07,-1.89421217918e-06
1,False,,,26,702;1072,1550,1016,1027,90.1790266645,-1.2921558934e-08,-1.03844195465e-08,-1.41344851844e-06,-1.13971833613e-06
1,False,,,26,702;1072,1558,994,1005,90.1789619558,-7.73782282693e-09,-2.41782593946e-09,-8.30785420049e-07,-2.57568082449e-07
1,False,,,26,702;1072,1612,802,801,90.1786663417,-5.66337554631e-09,-7.69958852231e-09,-6.069605526e-07,-8.24983753037e-07
1,False,,,26,702;1072,1562,981,994,90.1771272833,-2.51947085417e-09,-7.73782282693e-09,-3.24427794708e-07,-8.30785420049e-07
1,False,,,26,702;1072,1554,1005,1016,90.1732670364,-2.41782593946e-09,-1.2921558934e-08,-2.57568082449e-07,-1.41344851844e-06
1,False,,,26,702;1072,1546,1027,1036,90.1732560781,-1.03844195465e-08,-2.94953146351e-08,-1.13971833613e-06,-3.16309193252e-06
1,False,,,26,702;1072,1608,803,802,90.1726685067,-3.93790688946e-09,-5.66337554631e-09,-4.22119995487e-07,-6.069605526e-07
1,False,,,26,702;1072,1534,1054,1063,90.1700634564,-2.00698977437e-08,-3.82983325053e-08,-2.1369532293e-06,-4.01865305264e-06
1,False,,,26,702;1072,1530,1063,1072,90.1692488045,-3.82983325053e-08,-6.22818678409e-07,-4.01865305264e-06,-6.2649904754e-05
1,False,,,26,702;1072,1604,834,803,90.1676647694,-2.52296583625e-09,-3.93790688946e-09,-2.70486140686e-07,-4.22119995487e-07
1,False,,,26,702;1072,1628,708,707,90.1669912627,-2.62282629393e-07,-9.13699569338e-08,-2.80881202135e-05,-9.78549195288e-06
1,False,,,26,702;1072,1600,859,834,90.1636581468,-2.52550513835e-09,-2.52296583625e-09,-2.7080406757e-07,-2.70486140686e-07
1,False,,,26,702;1072,1596,884,859,90.1596482911,-2.5285817884e-09,-2.52550513835e-09,-2.71189202757e-07,-2.7080406757e-07
1,False,,,26,702;1072,1592,907,884,90.1556351983,-4.54726317045e-07,-2.5285817884e-09,-4.87801986069e-05,-2.71189202757e-07
2,True,2392,26,3,2352;2470,5500,2352,2392,90.1227219084,0.00078053006586,6.70413305315e-06,0.107356096985,0.000771599837083
2,False,,,3,2352;2470,5492,2432,2470,90.1266558104,-0.00078722254989,0.00737130395609,-0.0910079430604,0.708240674113
2,False,,,3,2352;2470,5496,2392,2432,90.0832761776,6.70413305315e-06,-0.00078722254989,0.000771599837083,-0.0910079430604
3,False,,,25,1074;1260,3086,1232,1239,90.0610891891,-0.00526977578246,-0.00737536533926,-0.686285822584,-0.957171907314
3,False,,,25,1074;1260,3038,1146,1154,90.056547757,-0.00637526268019,-0.00635382789316,-1.03635782402,-0.828289146467
3,False,,,25,1074;1260,3020,1122,1114,90.0522399272,-0.00533389796923,-0.0074483941589,-0.695309534515,-0.970186273162
3,False,,,25,1074;1260,3090,1239,1246,90.0458819239,-0.00737536533926,-0.00526977917476,-0.957171907314,-0.567578614845
3,False,,,25,1074;1260,3092,1253,1246,90.0454654968,-0.00737330148945,-0.00526977917476,-1.14275203718,-0.567578614845
3,False,,,25,1074;1260,3032,1146,1138,90.0440944524,-0.00637526268019,-0.00635581940006,-1.03635782402,-0.828856843162
3,False,,,25,1074;1260,3046,1162,1169,90.0373734962,-0.00635768015501,-0.00635136752204,-0.828885072809,-0.828069898459
3,False,,,25,1074;1260,3078,1218,1225,90.0373043958,-0.00632126514711,-0.00736494912761,-0.82471000286,-0.960800429744
3,False,,,25,1074;1260,3066,1197,1204,90.0370496863,-0.00527639631365,-0.00737203082382,-0.687906980642,-0.961217484024
3,False,,,25,1074;1260,3016,1114,1106,90.0277182062,-0.0074483941589,-0.00537598282948,-0.970186273162,-0.698959495214
3,False,,,25,1074;1260,3062,1190,1197,90.0147673453,-0.00633351918766,-0.00527639631365,-0.825987953056,-0.687906980642
3,False,,,25,1074;1260,3050,1169,1176,90.0144773597,-0.00635136752204,-0.00633116581089,-0.828069898459,-0.957239033912
3,False,,,25,1074;1260,3054,1176,1183,90.0134323131,-0.00633116581089,-0.00738869320292,-0.957239033912,-0.963652928265
3,False,,,25,1074;1260,3058,1183,1190,90.0047009928,-0.00738869320292,-0.00633351918766,-0.963652928265,-0.825987953056
3,False,,,25,1074;1260,3000,1082,1074,90.0044970628,-0.0053898346802,-0.00750314311222,-0.662978023218,-0.851528520261
3,False,,,25,1074;1260,3042,1154,1162,89.9961437533,-0.00635382789316,-0.00635768015501,-0.828289146467,-0.828885072809
3,False,,,25,1074;1260,3070,1204,1211,89.9952376597,-0.00737203082382,-0.00631675506484,-0.961217484024,-0.823900665102
3,False,,,25,1074;1260,3012,1106,1098,89.9811342463,-0.00537598282948,-0.00744167101953,-0.698959495214,-0.962581377051
3,False,,,25,1074;1260,3098,1253,1260,89.9740295952,-0.00737330148945,-0.00632573550946,-1.14275203718,-0.736664374444
3,False,,,25,1074;1260,3024,1130,1122,89.9720079223,-0.00743818390184,-0.00533389796923,-0.969941962911,-0.695309534515
3,False,,,25,1074;1260,3004,1090,1082,89.9687195997,-0.00645447723506,-0.0053898346802,-0.823071712299,-0.662978023218
3,False,,,25,1074;1260,3074,1211,1218,89.9649449056,-0.00631675506484,-0.00632126514711,-0.823900665102,-0.82471000286
3,False,,,25,1074;1260,3082,1225,1232,89.9601916744,-0.00736494912761,-0.00526977578246,-0.960800429744,-0.686285822584
3,False,,,25,1074;1260,3028,1138,1130,89.9585171573,-0.00635581940006,-0.00743818390184,-0.828856843162,-0.969941962911
3,False,,,25,1074;1260,3008,1098,1090,89.9482628604,-0.00744167101953,-0.00645447723506,-0.962581377051,-0.823071712299
4,True,1409,4573,3,1405;1410,3649,1410,1409,89.9510505615,0.00100965676076,-0.00100737258607,0.107582987883,-0.109415723529
4,False,,,3,1405;1410,3641,1407,1405,90.0409087517,-2.57992184594e-06,-5.33753667664e-06,-0.000286105661532,-0.000703407061315
4,False,,,3,1405;1410,3645,1409,1407,89.9620542295,-0.00100737258607,-2.57992184594e-06,-0.109415723529,-0.000286105661532
5,True,1484,4799,3,1462;1492,3622,1492,1484,89.9863983836,-0.00101723186547,-4.59514657436e-08,-0.109972007845,-4.40849509834e-06
5,False,,,3,1462;1492,3630,1474,1462,90.015772779,-3.82472014948e-07,-2.08816217651e-08,-4.39722753009e-05,-2.44840221437e-06
5,False,,,3,1462;1492,3626,1484,1474,89.9608299355,-4.59514657436e-08,-3.82472014948e-07,-4.40849509834e-06,-4.39722753009e-05
6,True,639,4472,3,593;669,1942,639,669,89.970814286,-2.39198584495e-07,-5.84932999814e-08,-3.15049752173e-05,-6.1924615754e-06
6,False,,,3,593;669,1948,639,616,90.0127632113,-2.39198584495e-07,-8.30428277254e-08,-3.15049752173e-05,-9.24562957767e-06
6,False,,,3,593;669,1951,616,593,89.9866839552,-8.30428277254e-08,-1.43806039965e-07,-9.24562957767e-06,-1.36080145736e-05
7,True,698,5553,4,612;733,1821,698,733,90.0042975148,0.000164033081098,-7.09486931543e-05,0.0154993915773,-0.00656317793129
7,False,,,4,612;733,1811,662,635,90.0031020429,-3.5527136788e-15,-9.30808464599e-05,-4.09219924942e-13,-0.00913391737759
7,False,,,4,612;733,1817,662,698,90.0031020429,-3.5527136788e-15,0.000164033081098,-4.09219924942e-13,0.0154993915773
7,False,,,4,612;733,1807,635,612,89.9903715731,-9.30808464599e-05,-7.09651700399e-05,-0.00913391737759,-0.00911953380015
8,False,,,5,1065;1071,1721,1069,1071,90.0030497296,9.19265851254e-05,-9.19328850273e-05,0.00824527157385,-0.0103029557465
8,False,,,5,1065;1071,1704,1066,1065,90,7.00795493067e-05,9.19278140206e-05,0.00618403710409,0.00997121632583
8,False,,,5,1065;1071,1708,1067,1066,90,-7.00795493067e-05,7.00795493067e-05,-0.00611706400779,0.00618403710409
8,False,,,5,1065;1071,1712,1068,1067,90,-9.19278140206e-05,-7.00795493067e-05,-0.00806155189076,-0.00611706400779
8,False,,,5,1065;1071,1716,1069,1068,90,9.19265851254e-05,-9.19278140206e-05,0.00824527157385,-0.00806155189076
9,False,,,1,628;654,1741,654,628,90.0012348409,8.46894537068e-05,-8.47044402059e-05,0.00854713250618,-0.00601216081456
10,False,,,5,1268;1273,3211,1269,1268,90,8.881784197e-16,0,7.83587432475e-14,0
10,False,,,5,1268;1273,3215,1270,1269,90,0,8.881784197e-16,0,7.83587432475e-14
10,False,,,5,1268;1273,3219,1271,1270,90,0,0,0,0
10,False,,,5,1268;1273,3223,1272,1271,90,0,0,0,0
10,False,,,5,1268;1273,3228,1272,1273,90,0,8.40333261358e-05,0,0.00922313434849
11,True,1309,3241,41,1285;1534,3696,1309,1315,90,0,0,0,0
11,False,,,41,1285;1534,3680,1285,1291,90,0,0,0,0
11,False,,,41,1285;1534,3684,1291,1297,90,0,0,0,0
11,False,,,41,1285;1534,3688,1297,1303,90,0,0,0,0
11,False,,,41,1285;1534,3692,1303,1309,90,0,0,0,0
11,False,,,41,1285;1534,3700,1315,1321,90,0,0,0,0
11,False,,,41,1285;1534,3704,1321,1327,90,0,0,0,0
11,False,,,41,1285;1534,3708,1327,1333,90,0,0,0,0
11,False,,,41,1285;1534,3710,1339,1333,90,0,0,0,0
11,False,,,41,1285;1534,3714,1343,1339,90,0,0,0,0
11,False,,,41,1285;1534,3718,1347,1343,90,0,0,0,0
11,False,,,41,1285;1534,3724,1347,1351,90,0,0,0,0
11,False,,,41,1285;1534,3728,1351,1355,90,0,0,0,0
11,False,,,41,1285;1534,3732,1355,1359,90,0,0,0,0
11,False,,,41,1285;1534,3736,1359,1363,90,0,0,0,0
11,False,,,41,1285;1534,3738,1367,1363,90,0,0,0,0
11,False,,,41,1285;1534,3744,1367,1371,90,0,0,0,0
11,False,,,41,1285;1534,3746,1375,1371,90,0,0,0,0
11,False,,,41,1285;1534,3752,1375,1377,90,0,0,0,0
11,False,,,41,1285;1534,3756,1377,1378,90,0,0,0,0
11,False,,,41,1285;1534,3758,1379,1378,90,0,0,0,0
11,False,,,41,1285;1534,3764,1379,1383,90,0,0,0,0
11,False,,,41,1285;1534,3766,1390,1383,90,0,0,0,0
11,False,,,41,1285;1534,3770,1398,1390,90,0,0,0,0
11,False,,,41,1285;1534,3776,1398,1412,90,0,0,0,0
11,False,,,41,1285;1534,3780,1412,1424,90,0,0,0,0
11,False,,,41,1285;1534,3784,1424,1436,90,0,0,0,0
11,False,,,41,1285;1534,3788,1436,1453,90,0,0,0,0
11,False,,,41,1285;1534,3792,1453,1466,90,0,0,0,0
11,False,,,41,1285;1534,3796,1466,1477,90,0,0,0,0
11,False,,,41,1285;1534,3800,1477,1486,90,0,0,0,0
11,False,,,41,1285;1534,3804,1486,1493,90,0,0,0,0
11,False,,,41,1285;1534,3808,1493,1494,90,0,0,0,0
11,False,,,41,1285;1534,3812,1494,1499,90,0,0,0,0
11,False,,,41,1285;1534,3816,1499,1504,90,0,0,0,0
11,False,,,41,1285;1534,3818,1509,1504,90,0,0,0,0
11,False,,,41,1285;1534,3822,1514,1509,90,0,0,0,0
11,False,,,41,1285;1534,3826,1519,1514,90,0,0,0,0
11,False,,,41,1285;1534,3836,1531,1534,90,0,0,0,0
11,False,,,41,1285;1534,3961,1519,1525,90,0,0,0,0
11,False,,,41,1285;1534,3967,1525,1531,90,0,0,0,0
12,True,1948,2879,4,1946;1972,5662,1949,1948,90,-8.881784197e-16,0,-8.10544874699e-14,0
12,False,,,4,1946;1972,5658,1972,1949,90,-8.881784197e-16,-8.881784197e-16,-9.72537903812e-14,-8.10544874699e-14
12,False,,,4,1946;1972,5666,1948,1947,90,0,0,0,0
12,False,,,4,1946;1972,5670,1947,1946,90,0,0,0,0
13,True,2142,3080,1,2142;2143,5738,2142,2143,90,-8.881784197e-16,-0.000172133948517,-7.95468660602e-14,-0.0126919150492
14,True,17,1494,25,24;1081,38,17,18,88.8792714879,0.00596254685149,0.00600018553231,0.620553920033,0.62222341502
14,False,,,25,24;1081,3156,1161,1153,89.9964740623,0.00696447962046,0.00695721660335,0.703277208795,0.704360909571
14,False,,,25,24;1081,3152,0,1161,89.9919864051,0.00580407516259,0.00696447962046,0.55054920031,0.703277208795
14,False,,,25,24;1081,3168,1137,1129,89.9872610821,0.00597953539268,0.00793949581636,0.611851955359,0.8192012349
14,False,,,25,24;1081,3164,1145,1137,89.9624727918,0.00597550169272,0.00597953539268,0.607706388757,0.611851955359
14,False,,,25,24;1081,3160,1153,1145,89.9491521112,0.00695721660335,0.00597550169272,0.704360909571,0.607706388757
14,False,,,25,24;1081,3180,1113,1105,89.948801611,0.00599334156566,0.00695733647095,0.638382474123,0.760987439917
14,False,,,25,24;1081,3172,1129,1121,89.9325373509,0.00793949581636,0.00596493972204,0.8192012349,0.623429899606
14,False,,,25,24;1081,3192,1089,1081,89.9294584397,0.00596092111444,0.00696809446145,0.68800083871,0.751938149718
14,False,,,25,24;1081,3176,1121,1113,89.9281835655,0.00596493972204,0.00599334156566,0.623429899606,0.638382474123
14,False,,,25,24;1081,3184,1105,1097,89.9267733754,0.00695733647095,0.00695309027801,0.760987439917,0.785832793662
14,False,,,25,24;1081,3188,1097,1089,89.9017262084,0.00695309027801,0.00596092111444,0.785832793662,0.68800083871
14,False,,,25,24;1081,18,4,9,89.121523665,0.00705739864724,0.00598102754355,0.856890430631,0.673794177688
14,False,,,25,24;1081,14,1,4,89.0371207449,0.00598496020637,0.00705739864724,0.666207744723,0.856890430631
14,False,,,25,24;1081,22,9,14,88.952288228,0.00598102754355,0.00602590633751,0.673794177688,0.637184241128
14,False,,,25,24;1081,34,16,17,88.9285540111,0.00700593127933,0.00596254685149,0.733591496592,0.620553920033
14,False,,,25,24;1081,30,15,16,88.9105718857,0.00597120909474,0.00700593127933,0.778190111675,0.733591496592
14,False,,,25,24;1081,58,22,23,88.8934187491,0.00699186039528,0.00495385529734,0.717507171045,0.43446607576
14,False,,,25,24;1081,54,21,22,88.8921092128,0.00695103110614,0.00699186039528,0.716053815702,0.717507171045
14,False,,,25,24;1081,46,19,20,88.8888417394,0.00695361360014,0.00499594520105,0.719527766295,0.516071507994
14,False,,,25,24;1081,10,0,1,88.8869844768,0.00580407516259,0.00598496020637,0.55054920031,0.666207744723
14,False,,,25,24;1081,42,18,19,88.8858901484,0.00600018553231,0.00695361360014,0.62222341502,0.719527766295
14,False,,,25,24;1081,60,24,23,88.8818703961,0.00699201115503,0.00495385529734,0.713876228088,0.43446607576
14,False,,,25,24;1081,26,14,15,88.8811511171,0.00602590633751,0.00597120909474,0.637184241128,0.778190111675
14,False,,,25,24;1081,50,20,21,88.8332123713,0.00499594520105,0.00695103110614,0.516071507994,0.716053815702
15,True,1387,4001,2,1385;1388,3889,1388,1387,89.9879184425,0.000921405066843,-0.000922915620987,0.0770585714201,-0.0755864020728
15,False,,,2,1385;1388,3885,1387,1385,89.9956120746,-0.000922915620987,0.000923040678408,-0.0755864020728,0.0702409232244
16,False,,,3,594;648,1651,648,640,89.9861980991,-2.58192667246e-09,-8.52160590981e-08,-3.45574233997e-07,-9.69022960605e-06
16,False,,,3,594;648,1647,640,617,89.9647269982,-8.52160590981e-08,-2.84420096364e-08,-9.69022960605e-06,-3.26772383354e-06
16,False,,,3,594;648,1643,617,594,89.9541607437,-2.84420096364e-08,-1.59016471102e-08,-3.26772383354e-06,-1.8415719735e-06
17,True,1617,2715,22,1540;1618,4354,1617,1618,89.7675471228,-0.00808320098665,-0.00612299737087,-1.20377657632,-0.522118990991
17,False,,,22,1540;1618,4282,1549,1554,89.8770114957,-0.0069415942036,-0.00792762943247,-0.654371241302,-0.862487955708
17,False,,,22,1540;1618,4314,1591,1592,89.8282883442,-0.00598518227103,-0.00795220401732,-0.598793425579,-0.783933273755
17,False,,,22,1540;1618,4330,1611,1612,89.8276057298,-0.00700827179125,-0.00799828426365,-0.690981605515,-0.788991260573
17,False,,,22,1540;1618,4336,1614,1613,89.8259942747,-0.00705503259619,-0.00702482173283,-0.696790204528,-0.594405369097
17,False,,,22,1540;1618,4290,1559,1564,89.825286266,-0.00694207870596,-0.00792986864339,-0.72472966924,-0.681330223744
17,False,,,22,1540;1618,4286,1554,1559,89.8239816557,-0.00792762943247,-0.00694207870596,-0.862487955708,-0.72472966924
17,False,,,22,1540;1618,4310,1584,1591,89.7966075112,-0.00794346802834,-0.00598518227103,-0.77335845075,-0.598793425579
17,False,,,22,1540;1618,4306,1579,1584,89.7964584574,-0.00792984050549,-0.00794346802834,-0.759775935241,-0.77335845075
17,False,,,22,1540;1618,4292,1569,1564,89.7725740155,-0.0069325123195,-0.00792986864339,-0.682724774502,-0.681330223744
17,False,,,22,1540;1618,4302,1574,1579,89.7721054831,-0.0069498309166,-0.00792984050549,-0.821309434891,-0.759775935241
17,False,,,22,1540;1618,4296,1574,1569,89.7720797036,-0.0069498309166,-0.0069325123195,-0.821309434891,-0.682724774502
17,False,,,22,1540;1618,4326,1608,1611,89.7710446437,-0.00697689444016,-0.00700827179125,-0.687639081915,-0.690981605515
17,False,,,22,1540;1618,4322,1600,1608,89.7710331608,-0.00797140355391,-0.00697689444016,-0.785802504047,-0.687639081915
17,False,,,22,1540;1618,4318,1592,1600,89.7710328193,-0.00795220401732,-0.00797140355391,-0.783933273755,-0.785802504047
17,False,,,22,1540;1618,4334,1612,1613,89.7703605228,-0.00799828426365,-0.00702482173283,-0.788991260573,-0.594405369097
17,False,,,22,1540;1618,4340,1615,1614,89.7694950153,-0.00705155329268,-0.00705503259619,-0.697238917259,-0.696790204528
17,False,,,22,1540;1618,4344,1616,1615,89.7694511577,-0.00803374544741,-0.00705155329268,-0.795727097275,-0.697238917259
17,False,,,22,1540;1618,4348,1617,1616,89.7676120816,-0.00808320098665,-0.00803374544741,-1.20377657632,-0.795727097275
17,False,,,22,1540;1618,4278,1546,1549,89.7371559879,-0.00692302485259,-0.0069415942036,-0.474860615508,-0.654371241302
17,False,,,22,1540;1618,4268,1543,1540,89.7346161322,-0.00792505986176,-0.00693384394255,-0.840762127981,-0.588463507749
17,False,,,22,1540;1618,4274,1543,1546,89.7330757008,-0.00792505986176,-0.00692302485259,-0.840762127981,-0.474860615508
18,True,1929,2047,1,1929;1950,5582,1929,1950,89.8252241498,-6.8574816936e-09,-1.27298864872e-06,-6.3791347799e-07,-0.000115318797181
19,False,,,1,650;653,1723,653,650,89.8086663191,-0.00668574181203,-0.00649503094431,-0.700786953852,-0.830782941411
20,True,1046,4598,1,1046;1055,1896,1046,1055,89.8033759209,-7.71918022835e-08,-1.46370915388e-09,-6.94494713029e-06,-1.34799575112e-07
21,False,,,4,548;552,1777,550,551,89.7909951212,-2.34880559447e-09,-9.7705594726e-09,-2.53333391367e-07,-9.00475209169e-07
21,False,,,4,548;552,1769,548,549,89.7879880213,-2.26966001549e-09,-2.13378648084e-10,-2.50367847303e-07,-2.35345677987e-08
21,False,,,4,548;552,1773,549,550,89.7867353759,-2.13378648084e-10,-2.34880559447e-09,-2.35345677987e-08,-2.53333391367e-07
21,False,,,4,548;552,1779,552,551,89.7817712718,-2.43216113915e-09,-9.7705594726e-09,-2.51023309742e-07,-9.00475209169e-07
22,False,,,4,1912;1983,5698,1912,1919,89.7640463065,0,0,0,0
22,False,,,4,1912;1983,5702,1919,1936,89.7640463065,0,0,0,0
22,False,,,4,1912;1983,5706,1936,1958,89.7640463065,0,0,0,0
22,False,,,4,1912;1983,5710,1958,1983,89.7640463065,0,0,0,0
23,True,1310,3051,18,1292;1380,4143,1316,1310,88.8637151146,-8.60820659199e-09,1.82708665353e-06,-9.16087996767e-07,0.000185129398752
23,False,,,18,1292;1380,4155,1298,1292,88.9945868592,0.000155309303466,7.8731013069e-06,0.0160017688676,0.000573352489582
23,False,,,18,1292;1380,4151,1304,1298,88.9702836988,-0.000168219354196,0.000155309303466,-0.020461059056,0.0160017688676
23,False,,,18,1292;1380,4147,1310,1304,88.9701324322,1.82708665353e-06,-0.000168219354196,0.000185129398752,-0.020461059056
23,False,,,18,1292;1380,3755,1380,1376,88.8861525245,-4.27245061552e-07,-0.000168017880733,-3.38166676036e-05,-0.00864501027969
23,False,,,18,1292;1380,4139,1322,1316,88.8712486595,0.000166244267232,-8.60820659199e-09,0.0179791049378,-9.16087996767e-07
23,False,,,18,1292;1380,4135,1329,1322,88.8697199932,-0.000171262133317,0.000166244267232,-0.0184909926883,0.0179791049378
23,False,,,18,1292;1380,4123,1344,1340,88.869238062,-0.000166228912422,0.000166243189832,-0.0149111497829,0.0130715124793
23,False,,,18,1292;1380,4127,1340,1336,88.8690102584,0.000166243189832,5.0177384594e-06,0.0130715124793,0.000475857548796
23,False,,,18,1292;1380,4091,1376,1373,88.868361903,-0.000168017880733,0.00016791817051,-0.00864501027969,0.0172416519933
23,False,,,18,1292;1380,4107,1360,1356,88.8683484784,-0.000166226212896,0.00016624056479,-0.0170591710397,0.0164856841212
23,False,,,18,1292;1380,4111,1356,1352,88.8683437254,0.00016624056479,-4.49772698019e-06,0.0164856841212,-0.00044208121824
23,False,,,18,1292;1380,4095,1373,1368,88.8682456142,0.00016791817051,1.66258108347e-06,0.0172416519933,0.000196052691248
23,False,,,18,1292;1380,4131,1336,1329,88.8591102843,5.0177384594e-06,-0.000171262133317,0.000475857548796,-0.0184909926883
23,False,,,18,1292;1380,4119,1348,1344,88.8587849653,4.48303880596e-06,-0.000166228912422,0.00041921015755,-0.0149111497829
23,False,,,18,1292;1380,4115,1352,1348,88.8587848331,-4.49772698019e-06,4.48303880596e-06,-0.00044208121824,0.00041921015755
23,False,,,18,1292;1380,4099,1368,1364,88.8583412896,1.66258108347e-06,-3.35450471578e-06,0.000196052691248,-0.000366799019535
23,False,,,18,1292;1380,4103,1364,1360,88.858341191,-3.35450471578e-06,-0.000166226212896,-0.000366799019535,-0.0170591710397
24,True,574,4848,6,572;573,1919,574,576,88.7138659324,-0.000263831221591,0.000168392759216,-0.0257419360879,0.0155514878916
24,False,,,6,572;573,1924,574,572,88.7171273337,-0.000263831221591,0.000263821216803,-0.0257419360879,0.0451319918748
24,False,,,6,572;573,1917,578,576,88.7133896619,-0.000168392752398,0.000168392759216,-0.0215874741905,0.0155514878916
24,False,,,6,572;573,1913,577,578,88.7133894822,0.000263825788552,-0.000168392752398,0.0291409467894,-0.0215874741905
24,False,,,6,572;573,1909,575,577,88.708276431,-9.55424482196e-05,0.000263825788552,-0.0105492462373,0.0291409467894
24,False,,,6,572;573,1905,573,575,88.6691892427,-0.000168521870272,-9.55424482196e-05,-0.0162034489052,-0.0105492462373
25,False,,,6,1413;1447,3934,1444,1437,88.6946929761,0.00017390380372,-0.000173909511719,0.0189574118034,-0.0180393317538
25,False,,,6,1413;1447,3936,1425,1437,88.6946923542,0.00017388824321,-0.000173909511719,0.0191487236433,-0.0180393317538
25,False,,,6,1413;1447,3930,1445,1444,88.6929607526,-0.000173891952526,0.00017390380372,-0.0234891512882,0.0189574118034
25,False,,,6,1413;1447,3941,1425,1413,88.6889967655,0.00017388824321,-3.73465112702e-05,0.0191487236433,-0.00513494299936
25,False,,,6,1413;1447,3924,1445,1446,88.6882461131,-0.000173891952526,-1.34480249159e-09,-0.0234891512882,-1.45286744598e-07
25,False,,,6,1413;1447,3882,1446,1447,88.6847646023,-1.34480249159e-09,0.000173895993179,-1.45286744598e-07,0.0196618459901
26,False,,,7,1503;1536,3592,1518,1523,88.685964216,0.000178588610863,-1.61670792309e-08,0.0241506224025,-1.8516034299e-06
26,False,,,7,1503;1536,3586,1533,1528,88.6764019626,0.000168449911589,-0.000168451744488,0.0221588678448,-0.0168860284109
26,False,,,7,1503;1536,3598,1518,1513,88.6758273521,0.000178588610863,-1.01224802416e-05,0.0241506224025,-0.000954397785799
26,False,,,7,1503;1536,3600,1508,1513,88.6758273136,-0.000168449963542,-1.01224802416e-05,-0.0183079133265,-0.000954397785799
26,False,,,7,1503;1536,3588,1523,1528,88.6758266934,-1.61670792309e-08,-0.000168451744488,-1.8516034299e-06,-0.0168860284109
26,False,,,7,1503;1536,3580,1533,1536,88.6758266934,0.000168449911589,-0.000178583326582,0.0221588678448,-0.0119663182567
26,False,,,7,1503;1536,3604,1503,1508,88.6758266934,-1.01507069319e-05,-0.000168449963542,-0.00110484676646,-0.0183079133265
27,True,681,5241,7,626;682,1667,681,682,88.6751211942,0.000286391733244,-0.000103591840793,0.0311497493127,-0.011245850405
27,False,,,7,626;682,1693,649,626,88.6751211942,-0.000103591840791,0.000286428975066,-0.0134997148118,0.030981776868
27,False,,,7,626;682,1687,649,670,88.6748869906,-0.000103591840791,-7.91039417978e-05,-0.0134997148118,-0.00861921560584
27,False,,,7,626;682,1679,678,679,88.6748869906,7.91039417916e-05,-7.91039417916e-05,0.00862075953511,-0.00861535096041
27,False,,,7,626;682,1675,679,680,88.6748869468,-7.91039417916e-05,-0.000103695940849,-0.00861535096041,-0.0112957433339
27,False,,,7,626;682,1683,670,678,88.6748869468,-7.91039417978e-05,7.91039417916e-05,-0.00861921560584,0.00862075953511
27,False,,,7,626;682,1671,680,681,88.6748868769,-0.000103695940849,0.000286391733244,-0.0112957433339,0.0311497493127
28,True,668,3886,1,667;668,1926,668,667,88.6724991659,-0.000263600233452,0.000263381095518,-0.0303244038338,0.0308586718409
29,False,,,1,1389;1397,3667,1397,1389,88.6390358402,-0.000154791130628,0.000154699168226,-0.0184040246094,0.014580254379
30,False,,,3,3416;3440,9790,3440,3432,82.0436681297,0.00465985666453,0.000228056601917,0.539619767186,0.0261220420681
30,False,,,3,3416;3440,9786,3432,3423,82.0290430179,0.000228056601917,0.000224552365233,0.0261220420681,0.0225997860827
30,False,,,3,3416;3440,9784,3416,3423,81.9844651808,0.000384283233277,0.000224552365233,0.045261522704,0.0225997860827
31,True,1653,3084,21,1637;1782,4370,1653,1637,80.0786303183,0.00652989563564,0.00590246524275,0.702734884741,0.532548004222
31,False,,,21,1637;1782,4380,1654,1668,80.0975653258,0.00653342833759,0.00652803976766,0.59327855629,0.592330175096
31,False,,,21,1637;1782,4398,1720,1710,80.08909371,0.00637885438627,0.00670649890871,0.686530798427,0.527198238441
31,False,,,21,1637;1782,4404,1720,1727,80.0890564919,0.00637885438627,0.00655306855714,0.686530798427,0.594526932241
31,False,,,21,1637;1782,4408,1727,1734,80.088040133,0.00655306855714,0.00573165533578,0.594526932241,0.510971532487
31,False,,,21,1637;1782,4376,1653,1654,80.0785262452,0.00652989563564,0.00653342833759,0.702734884741,0.59327855629
31,False,,,21,1637;1782,4416,1741,1746,80.0741834229,0.0065548995722,0.00573648662913,0.586824537253,0.500170154785
31,False,,,21,1637;1782,4432,1758,1762,80.0667722726,0.00567244375617,0.00647543712753,0.489130447497,0.485521406905
31,False,,,21,1637;1782,4428,1756,1758,80.065556975,0.00665862417783,0.00567244375617,0.582581904609,0.489130447497
31,False,,,21,1637;1782,4388,1680,1690,80.0538882595,0.00571472687784,0.0065321330045,0.518520050432,0.592504516271
31,False,,,21,1637;1782,4392,1690,1700,80.0537466333,0.0065321330045,0.00571972347854,0.592504516271,0.518840917657
31,False,,,21,1637;1782,4396,1700,1710,80.0520254597,0.00571972347854,0.00670649890871,0.518840917657,0.527198238441
31,False,,,21,1637;1782,4384,1668,1680,80.0506048116,0.00652803976766,0.00571472687784,0.592330175096,0.518520050432
31,False,,,21,1637;1782,4424,1751,1756,80.0436611908,0.00656899407198,0.00665862417783,0.571295690332,0.582581904609
31,False,,,21,1637;1782,4412,1734,1741,80.0383999858,0.00573165533578,0.0065548995722,0.510971532487,0.586824537253
31,False,,,21,1637;1782,4440,1766,1770,80.0344990339,0.00668148279031,0.00576429614451,0.717832011938,0.522889111691
31,False,,,21,1637;1782,4451,1778,1782,80.0325557932,0.00577359110363,0.00613918297787,0.528674427629,0.663914918214
31,False,,,21,1637;1782,4434,1766,1762,80.029822149,0.00668148279031,0.00647543712753,0.717832011938,0.485521406905
31,False,,,21,1637;1782,4444,1770,1774,80.0244252432,0.00576429614451,0.00661220254703,0.522889111691,0.520104068562
31,False,,,21,1637;1782,4420,1746,1751,80.0086309317,0.00573648662913,0.00656899407198,0.500170154785,0.571295690332
31,False,,,21,1637;1782,4446,1778,1774,79.9994604002,0.00577359110363,0.00661220254703,0.528674427629,0.520104068562
32,True,3584,1136,23,3478;3672,9977,3572,3584,32.551174335,-0.00438888565487,-0.00448441480333,-0.450785634052,-0.461234103136
32,False,,,23,3478;3672,10011,3492,3478,40.5600866752,-0.00387798332231,-0.00396105954679,-0.474841628981,-0.385794166421
32,False,,,23,3478;3672,10005,3492,3504,39.6006258626,-0.00387798332231,-0.00397653847808,-0.474841628981,-0.406890603181
32,False,,,23,3478;3672,10001,3504,3516,38.629835941,-0.00397653847808,-0.00395420628874,-0.406890603181,-0.406051666164
32,False,,,23,3478;3672,9997,3516,3526,37.6484237514,-0.00395420628874,-0.00409587455847,-0.406051666164,-0.421396295118
32,False,,,23,3478;3672,9993,3526,3539,36.6614900732,-0.00409587455847,-0.00410958315342,-0.421396295118,-0.422848386404
32,False,,,23,3478;3672,9989,3539,3550,35.6417460174,-0.00410958315342,-0.00425959253964,-0.422848386404,-0.438557899915
32,False,,,23,3478;3672,9985,3550,3560,34.6105431593,-0.00425959253964,-0.00427876443145,-0.438557899915,-0.439949755706
32,False,,,23,3478;3672,9981,3560,3572,33.5904374039,-0.00427876443145,-0.00438888565487,-0.439949755706,-0.450785634052
32,False,,,23,3478;3672,9973,3584,3595,31.5011787547,-0.00448441480333,-0.00460361663091,-0.461234103136,-0.473373376806
32,False,,,23,3478;3672,9969,3595,3605,30.418263282,-0.00460361663091,-0.00468321916181,-0.473373376806,-0.480981911044
32,False,,,23,3478;3672,9965,3605,3614,29.3756991005,-0.00468321916181,-0.00485809870778,-0.480981911044,-0.497892130832
32,False,,,23,3478;3672,9961,3614,3623,28.2998997669,-0.00485809870778,-0.00496641864517,-0.497892130832,-0.50825469271
32,False,,,23,3478;3672,9957,3623,3630,27.2513279915,-0.00496641864517,-0.00516172263931,-0.50825469271,-0.528805835594
32,False,,,23,3478;3672,9953,3630,3637,26.1979531028,-0.00516172263931,-0.0052854412055,-0.528805835594,-0.471907439056
32,False,,,23,3478;3672,9951,3644,3637,25.1741905894,-0.00548315089215,-0.0052854412055,-0.602503811703,-0.471907439056
32,False,,,23,3478;3672,9947,3650,3644,24.1830908662,-0.00568589069552,-0.00548315089215,-0.586887808005,-0.602503811703
32,False,,,23,3478;3672,9943,3654,3650,23.2339540459,-0.00578311735155,-0.00568589069552,-0.579591298801,-0.586887808005
32,False,,,23,3478;3672,9939,3657,3654,23.1809218843,-0.00609526128108,-0.00578311735155,-0.694261006966,-0.579591298801
32,False,,,23,3478;3672,9933,3657,3661,22.3168614862,-0.00609526128108,-0.0063472162711,-0.694261006966,-0.538067498412
32,False,,,23,3478;3672,9930,3661,3665,21.5587550887,-0.0063472162711,-0.0064563912742,-0.538067498412,-0.555818144953
32,False,,,23,3478;3672,9927,3665,3669,20.9398684906,-0.0064563912742,-0.00666888201525,-0.555818144953,-0.573620007232
32,False,,,23,3478;3672,9924,3669,3672,20.2765399015,-0.00666888201525,-0.00673789026808,-0.573620007232,-0.650349477592
33,False,,,21,4060;4144,11913,4116,4120,22.6836614094,-0.00108813234317,-0.00108653338316,-0.112723202583,-0.11254532705
33,False,,,21,4060;4144,11829,4088,4092,22.6668300432,-0.00109249791936,-0.00109188908102,-0.113188286405,-0.113184936511
33,False,,,21,4060;4144,11985,4140,4144,22.6652465086,-0.000893665154142,-0.00139290637066,-0.0925258105771,-0.143816257309
33,False,,,21,4060;4144,11973,4136,4140,22.6651180531,-0.00127616027201,-0.000893665154142,-0.132134796402,-0.0925258105771
33,False,,,21,4060;4144,11949,4128,4132,22.6600451586,-0.00104869760456,-0.00123847700807,-0.108605588065,-0.128251549477
33,False,,,21,4060;4144,11889,4108,4112,22.6576038634,-0.00112471276647,-0.00120474508594,-0.116551029869,-0.12484043763
33,False,,,21,4060;4144,11769,4068,4072,22.6551175358,-0.00113546155475,-0.00105955037366,-0.117747969047,-0.109879488713
33,False,,,21,4060;4144,11901,4112,4116,22.6545968224,-0.00120474508594,-0.00108813234317,-0.12484043763,-0.112723202583
33,False,,,21,4060;4144,11853,4096,4100,22.6544685451,-0.00128198820877,-0.00105116647302,-0.132887532568,-0.108939206216
33,False,,,21,4060;4144,11841,4092,4096,22.6524427515,-0.00109188908102,-0.00128198820877,-0.113184936511,-0.132887532568
33,False,,,21,4060;4144,11925,4120,4124,22.650804913,-0.00108653338316,-0.00127590013249,-0.11254532705,-0.132164790371
33,False,,,21,4060;4144,11937,4124,4128,22.6454457126,-0.00127590013249,-0.00104869760456,-0.132164790371,-0.108605588065
33,False,,,21,4060;4144,11865,4100,4104,22.6429186079,-0.00105116647302,-0.00124246082651,-0.108939206216,-0.128753696177
33,False,,,21,4060;4144,11745,4060,4064,22.6423126672,-0.00100367525647,-0.00125083666874,-0.10393795866,-0.129713750921
33,False,,,21,4060;4144,11817,4084,4088,22.6390138753,-0.00120893793307,-0.00109249791936,-0.125294495869,-0.113188286405
33,False,,,21,4060;4144,11877,4104,4108,22.637019709,-0.00124246082651,-0.00112471276647,-0.128753696177,-0.116551029869
33,False,,,21,4060;4144,11961,4132,4136,22.6355596782,-0.00123847700807,-0.00127616027201,-0.128251549477,-0.132134796402
33,False,,,21,4060;4144,11805,4080,4084,22.6350802197,-0.00113066776468,-0.00120893793307,-0.117206002211,-0.125294495869
33,False,,,21,4060;4144,11793,4076,4080,22.6295967773,-0.00124729530839,-0.00113066776468,-0.129317636963,-0.117206002211
33,False,,,21,4060;4144,11781,4072,4076,22.6284891322,-0.00105955037366,-0.00124729530839,-0.109879488713,-0.129317636963
33,False,,,21,4060;4144,11757,4064,4068,22.6248202168,-0.00125083666874,-0.00113546155475,-0.129713750921,-0.117747969047
34,False,,,21,4280;4364,12557,4324,4328,22.6288860449,-0.00298274460953,-0.00225613314155,-0.31337117011,-0.237028479782
34,False,,,21,4280;4364,12641,4352,4356,22.6270796504,-0.00262207041314,-0.00259093454418,-0.27542594936,-0.272128059434
34,False,,,21,4280;4364,12533,4316,4320,22.5997220746,-0.00263750169166,-0.0025921725408,-0.2771319199,-0.272361584198
34,False,,,21,4280;4364,12461,4292,4296,22.5912786976,-0.0026422801683,-0.00261518176231,-0.277656091118,-0.274766688853
34,False,,,21,4280;4364,12617,4344,4348,22.5870047955,-0.00298303161062,-0.00258685675735,-0.313392610099,-0.271775466275
34,False,,,21,4280;4364,12629,4348,4352,22.5815497562,-0.00258685675735,-0.00262207041314,-0.271775466275,-0.27542594936
34,False,,,21,4280;4364,12437,4284,4288,22.5746369046,-0.0026512716656,-0.00298547611227,-0.278570874903,-0.313720962667
34,False,,,21,4280;4364,12653,4356,4360,22.5697679026,-0.00259093454418,-0.00297935085054,-0.272128059434,-0.312970505825
34,False,,,21,4280;4364,12473,4296,4300,22.5666473021,-0.00261518176231,-0.00263717865092,-0.274766688853,-0.277059963689
34,False,,,21,4280;4364,12521,4312,4316,22.5621374038,-0.00295697732779,-0.00263750169166,-0.310709801236,-0.2771319199
34,False,,,21,4280;4364,12569,4328,4332,22.5603569192,-0.00225613314155,-0.00332831141342,-0.237028479782,-0.349676416927
34,False,,,21,4280;4364,12449,4288,4292,22.5593416713,-0.00298547611227,-0.0026422801683,-0.313720962667,-0.277656091118
34,False,,,21,4280;4364,12581,4332,4336,22.5543794149,-0.00332831141342,-0.00225150694149,-0.349676416927,-0.236516576826
34,False,,,21,4280;4364,12485,4300,4304,22.5519191791,-0.00263717865092,-0.00296851837517,-0.277059963689,-0.311923612844
34,False,,,21,4280;4364,12425,4280,4284,22.5486711333,-0.00256262267661,-0.0026512716656,-0.26918905971,-0.278570874903
34,False,,,21,4280;4364,12497,4304,4308,22.5406195214,-0.00296851837517,-0.00263144440881,-0.311923612844,-0.27648692466
34,False,,,21,4280;4364,12593,4336,4340,22.5396117881,-0.00225150694149,-0.00294729033884,-0.236516576826,-0.309635291974
34,False,,,21,4280;4364,12545,4320,4324,22.5341697912,-0.0025921725408,-0.00298274460953,-0.272361584198,-0.31337117011
34,False,,,21,4280;4364,12509,4308,4312,22.5190107995,-0.00263144440881,-0.00295697732779,-0.27648692466,-0.310709801236
34,False,,,21,4280;4364,12665,4360,4364,22.5189469929,-0.00297935085054,-0.00270093122232,-0.312970505825,-0.284284648501
34,False,,,21,4280;4364,12605,4340,4344,22.4865479321,-0.00294729033884,-0.00298303161062,-0.309635291974,-0.313392610099
35,False,,,21,4278;4362,12418,4278,4282,22.4701111601,-0.00110154969572,-0.00118773525447,-0.115067258984,-0.124133306905
35,False,,,21,4278;4362,12430,4282,4286,22.4618777438,-0.00118773525447,-0.00110855038756,-0.124133306905,-0.115866788608
35,False,,,21,4278;4362,12502,4306,4310,22.4612108351,-0.0013657041152,-0.000877827140815,-0.14276178764,-0.0917735664498
35,False,,,21,4278;4362,12598,4338,4342,22.4603430187,-0.00120977968005,-0.00102490916923,-0.126467194381,-0.107156735711
35,False,,,21,4278;4362,12442,4286,4290,22.4519160071,-0.00110855038756,-0.00107159867554,-0.115866788608,-0.111996844555
35,False,,,21,4278;4362,12478,4298,4302,22.4501855762,-0.00125243305139,-0.000919308698306,-0.13093378049,-0.096101172455
35,False,,,21,4278;4362,12514,4310,4314,22.4463989786,-0.000877827140815,-0.0012536535577,-0.0917735664498,-0.131020270921
35,False,,,21,4278;4362,12490,4302,4306,22.4422578097,-0.000919308698306,-0.0013657041152,-0.096101172455,-0.14276178764
35,False,,,21,4278;4362,12454,4290,4294,22.4417788999,-0.00107159867554,-0.00118164307428,-0.111996844555,-0.123542547207
35,False,,,21,4278;4362,12538,4318,4322,22.4397291742,-0.00106109011992,-0.00121293932204,-0.110909042173,-0.126796533643
35,False,,,21,4278;4362,12574,4330,4334,22.4376787194,-0.00124752959111,-0.00106082855406,-0.130437235268,-0.110891851839
35,False,,,21,4278;4362,12658,4358,4362,22.4367958487,-0.00109500567642,-0.000980384611935,-0.114488889479,-0.122786906348
35,False,,,21,4278;4362,12634,4350,4354,22.4337267209,-0.00120951363534,-0.00117313687375,-0.126463362764,-0.122683521271
35,False,,,21,4278;4362,12610,4342,4346,22.4336648701,-0.00102490916923,-0.00109493882938,-0.107156735711,-0.114458766342
35,False,,,21,4278;4362,12622,4346,4350,22.431320239,-0.00109493882938,-0.00120951363534,-0.114458766342,-0.126463362764
35,False,,,21,4278;4362,12646,4354,4358,22.4303661003,-0.00117313687375,-0.00109500567642,-0.122683521271,-0.114488889479
35,False,,,21,4278;4362,12526,4314,4318,22.4300290332,-0.0012536535577,-0.00106109011992,-0.131020270921,-0.110909042173
35,False,,,21,4278;4362,12562,4326,4330,22.425190076,-0.00102431031576,-0.00124752959111,-0.107086419808,-0.130437235268
35,False,,,21,4278;4362,12586,4334,4338,22.4226043038,-0.00106082855406,-0.00120977968005,-0.110891851839,-0.126467194381
35,False,,,21,4278;4362,12550,4322,4326,22.4222220247,-0.00121293932204,-0.00102431031576,-0.126796533643,-0.107086419808
35,False,,,21,4278;4362,12466,4294,4298,22.4194147357,-0.00118164307428,-0.00125243305139,-0.123542547207,-0.13093378049
36,False,,,21,4279;4363,12482,4299,4303,22.4389085963,-0.00198151028231,-0.00198532044035,-0.208741643911,-0.20919850316
36,False,,,21,4279;4363,12566,4327,4331,22.4243270715,-0.00166312987326,-0.00225033734043,-0.175253754111,-0.237150145882
36,False,,,21,4279;4363,12590,4335,4339,22.4227387573,-0.00224463374658,-0.00169063396387,-0.23659662349,-0.178209966085
36,False,,,21,4279;4363,12506,4307,4311,22.4194695585,-0.00228025216945,-0.00195246389106,-0.240264884567,-0.205786030946
36,False,,,21,4279;4363,12530,4315,4319,22.4070553708,-0.00225199140084,-0.00169577654282,-0.237330021924,-0.178687867517
36,False,,,21,4279;4363,12470,4295,4299,22.4067568915,-0.00223110071486,-0.00198151028231,-0.234997191198,-0.208741643911
36,False,,,21,4279;4363,12662,4359,4363,22.4057381487,-0.00196487475897,-0.00199148191816,-0.207216423659,-0.209538937943
36,False,,,21,4279;4363,12650,4355,4359,22.4055435538,-0.00223998137498,-0.00196487475897,-0.236156664542,-0.207216423659
36,False,,,21,4279;4363,12602,4339,4343,22.4052532242,-0.00169063396387,-0.00255124605393,-0.178209966085,-0.268967193901
36,False,,,21,4279;4363,12434,4283,4287,22.4015958941,-0.0022388156303,-0.00198918489351,-0.235830781213,-0.209570002681
36,False,,,21,4279;4363,12554,4323,4327,22.3911967108,-0.00255467079748,-0.00166312987326,-0.269188613937,-0.175253754111
36,False,,,21,4279;4363,12542,4319,4323,22.3898516056,-0.00169577654282,-0.00255467079748,-0.178687867517,-0.269188613937
36,False,,,21,4279;4363,12494,4303,4307,22.3890251271,-0.00198532044035,-0.00228025216945,-0.20919850316,-0.240264884567
36,False,,,21,4279;4363,12446,4287,4291,22.3883754814,-0.00198918489351,-0.00201527430711,-0.209570002681,-0.212280546077
36,False,,,21,4279;4363,12578,4331,4335,22.3787165493,-0.00225033734043,-0.00224463374658,-0.237150145882,-0.23659662349
36,False,,,21,4279;4363,12518,4311,4315,22.3745667093,-0.00195246389106,-0.00225199140084,-0.205786030946,-0.237330021924
36,False,,,21,4279;4363,12458,4291,4295,22.3709444885,-0.00201527430711,-0.00223110071486,-0.212280546077,-0.234997191198
36,False,,,21,4279;4363,12614,4343,4347,22.3707560847,-0.00255124605393,-0.00165744875293,-0.268967193901,-0.174731639063
36,False,,,21,4279;4363,12422,4279,4283,22.3691703619,-0.00198235257194,-0.0022388156303,-0.208626519483,-0.235830781213
36,False,,,21,4279;4363,12626,4347,4351,22.3631070839,-0.00165744875293,-0.00224007918214,-0.174731639063,-0.236111335915
36,False,,,21,4279;4363,12638,4351,4355,22.3581733338,-0.00224007918214,-0.00223998137498,-0.236111335915,-0.236156664542
37,False,,,21,4058;4142,11882,4106,4110,22.414098949,-0.00259600045581,-0.00259419720749,-0.275214509492,-0.275073996232
37,False,,,21,4058;4142,11894,4110,4114,22.4092664801,-0.00259419720749,-0.00295345464452,-0.275073996232,-0.313204660049
37,False,,,21,4058;4142,11846,4094,4098,22.3982746081,-0.00260436836114,-0.00258024478905,-0.276048529213,-0.273543547292
37,False,,,21,4058;4142,11810,4082,4086,22.386779387,-0.00298319685958,-0.0026055159834,-0.316164798332,-0.276152337865
37,False,,,21,4058;4142,11858,4098,4102,22.384436806,-0.00258024478905,-0.00297262660175,-0.273543547292,-0.315140410049
37,False,,,21,4058;4142,11750,4062,4066,22.3754351609,-0.0029549333448,-0.00227257586845,-0.313048062079,-0.240771754444
37,False,,,21,4058;4142,11822,4086,4090,22.3734893923,-0.0026055159834,-0.00295532643731,-0.276152337865,-0.313245232993
37,False,,,21,4058;4142,11786,4074,4078,22.3720102431,-0.00297052207774,-0.00222313543637,-0.314793880574,-0.235597389835
37,False,,,21,4058;4142,11870,4102,4106,22.3648364885,-0.00297262660175,-0.00259600045581,-0.315140410049,-0.275214509492
37,False,,,21,4058;4142,11762,4066,4070,22.364127857,-0.00227257586845,-0.00297148553566,-0.240771754444,-0.31490593397
37,False,,,21,4058;4142,11798,4078,4082,22.3536057219,-0.00222313543637,-0.00298319685958,-0.235597389835,-0.316164798332
37,False,,,21,4058;4142,11834,4090,4094,22.3526684036,-0.00295532643731,-0.00260436836114,-0.313245232993,-0.276048529213
37,False,,,21,4058;4142,11906,4114,4118,22.3443351261,-0.00295345464452,-0.00256833509655,-0.313204660049,-0.272383516379
37,False,,,21,4058;4142,11774,4070,4074,22.3389849529,-0.00297148553566,-0.00297052207774,-0.31490593397,-0.314793880574
37,False,,,21,4058;4142,11918,4118,4122,22.3346857462,-0.00256833509655,-0.00259609933043,-0.272383516379,-0.275354831746
37,False,,,21,4058;4142,11930,4122,4126,22.3280664618,-0.00259609933043,-0.00294764271766,-0.275354831746,-0.312679274496
37,False,,,21,4058;4142,11942,4126,4130,22.323622784,-0.00294764271766,-0.00257816889677,-0.312679274496,-0.273518313617
37,False,,,21,4058;4142,11954,4130,4134,22.3232109024,-0.00257816889677,-0.0029458063795,-0.273518313617,-0.312555821103
37,False,,,21,4058;4142,11966,4134,4138,22.3205458354,-0.0029458063795,-0.00256172463208,-0.312555821103,-0.271820547741
37,False,,,21,4058;4142,11978,4138,4142,22.3153563854,-0.00256172463208,-0.0026213906563,-0.271820547741,-0.278228894773
37,False,,,21,4058;4142,11738,4058,4062,22.2989385658,-0.0030736020069,-0.0029549333448,-0.325283060536,-0.313048062079
38,False,,,21,4059;4143,11982,4139,4143,22.3777637694,-0.00197556671847,-0.00209267473755,-0.2086391956,-0.220927746228
38,False,,,21,4059;4143,11946,4127,4131,22.3679345391,-0.00225790429392,-0.00194969482998,-0.238512302909,-0.20591539366
38,False,,,21,4059;4143,11958,4131,4135,22.3595246265,-0.00194969482998,-0.00228648809159,-0.20591539366,-0.241502344537
38,False,,,21,4059;4143,11778,4071,4075,22.348991482,-0.00171594137324,-0.00227095614359,-0.181535224263,-0.240249074154
38,False,,,21,4059;4143,11970,4135,4139,22.3481220699,-0.00228648809159,-0.00197556671847,-0.241502344537,-0.2086391956
38,False,,,21,4059;4143,11922,4119,4123,22.343235298,-0.00197530625087,-0.0019771928394,-0.208710361515,-0.208870653062
38,False,,,21,4059;4143,11934,4123,4127,22.3380885152,-0.0019771928394,-0.00225790429392,-0.208870653062,-0.238512302909
38,False,,,21,4059;4143,11790,4075,4079,22.3295401755,-0.00227095614359,-0.00198948927081,-0.240249074154,-0.21041830466
38,False,,,21,4059;4143,11862,4099,4103,22.3205938886,-0.00197753598519,-0.00197968657577,-0.209030499308,-0.209259174546
38,False,,,21,4059;4143,11874,4103,4107,22.3202686307,-0.00197968657577,-0.00225619546265,-0.209259174546,-0.238466023167
38,False,,,21,4059;4143,11838,4091,4095,22.315134883,-0.00198046001617,-0.00226330212142,-0.20945028246,-0.239298106225
38,False,,,21,4059;4143,11910,4115,4119,22.31362775,-0.00228246818367,-0.00197530625087,-0.241217891461,-0.208710361515
38,False,,,21,4059;4143,11742,4059,4063,22.3115791733,-0.00232643072616,-0.00172385143439,-0.245905577474,-0.1824466928
38,False,,,21,4059;4143,11754,4063,4067,22.3067798116,-0.00172385143439,-0.00254766611863,-0.1824466928,-0.269595558164
38,False,,,21,4059;4143,11814,4083,4087,22.3051193951,-0.00198873561595,-0.00225993887319,-0.210328787686,-0.239034782959
38,False,,,21,4059;4143,11802,4079,4083,22.304971874,-0.00198948927081,-0.00198873561595,-0.21041830466,-0.210328787686
38,False,,,21,4059;4143,11886,4107,4111,22.2955658472,-0.00225619546265,-0.0019478213444,-0.238466023167,-0.20583655392
38,False,,,21,4059;4143,11850,4095,4099,22.2907494423,-0.00226330212142,-0.00197753598519,-0.239298106225,-0.209030499308
38,False,,,21,4059;4143,11898,4111,4115,22.287076747,-0.0019478213444,-0.00228246818367,-0.20583655392,-0.241217891461
38,False,,,21,4059;4143,11826,4087,4091,22.2861642105,-0.00225993887319,-0.00198046001617,-0.239034782959,-0.20945028246
38,False,,,21,4059;4143,11766,4067,4071,22.2705543161,-0.00254766611863,-0.00171594137324,-0.269595558164,-0.181535224263
